SerialNumber,OrderNumber,ComputerName,UserName,Timezone
X7P9L2D,123456,ABC123456,Emma Johnson,PST
Q5Z8E6V,234567,XYZ789012,Liam Smith,EST
H2A4Y9T,345678,QWE345678,Olivia Davis,PST
M3V2G7X,456789,ASD901234,Noah Wilson,PST
L6W5O4Y,567890,ZXC567890,Ava Martinez,EST
K8N6D4Z,678901,RTY123456,Sophia Brown,PST
R9G1V7H,789012,UIO789012,Jackson Taylor,EST
F2W3H1I,890123,FGH345678,Isabella Anderson,PST
U7Y2X8J,901234,JKL901234,Lucas Harris,EST
S4T6U2F,12345,VBN567890,Mia Jackson,PST
D8J7N4K,123456,MNB123456,Aiden Thompson,EST
G2W1Z7C,234567,PLK789012,Harper White,MST
V5Z1A2E,345678,POI345678,Elijah Thomas,PST
S0N2L4W,456789,LKJ901234,Amelia Miller,EST
T6X2Y7A,567890,NBV567890,Oliver Walker,PST
P9K8Z3L,678901,GHJ123456,Charlotte Moore,EST
R7N6S8Y,789012,ZXC789012,Carter Lewis,EST
T2X8J9Q,890123,POI345678,Evelyn Taylor,CST
I4M3K8T,901234,QWE901234,Grayson Martinez,EST
W7G6X5C,12345,RTY567890,Abigail Jones,PST
P3T5L6R,123456,ASD123456,Logan Davis,CST
O8A6Z7V,234567,LKJ789012,Ella Wilson,CST
Q0X2Z4Y,345678,PLK345678,Benjamin Harris,PST
T8R6U7E,456789,UIO901234,Stella Johnson,EST
T5K6F4L,567890,NBV567890,William Thompson,MST
P1Z7E2Y,678901,JKL123456,Scarlett Smith,EST
N5X4A2J,789012,FGH789012,James White,EST
U2F1W3G,890123,XYZ345678,Mia Thomas,EST
Q6B9V8E,901234,MNB901234,Jackson Wilson,PST
H7Y6Z2A,12345,VBN567890,Avery Martinez,CST
W3S4N2C,123456,GHJ123456,Lincoln Taylor,CST
R8N7S6K,234567,ZXC789012,Penelope Lewis,CST
V9F3H1G,345678,POI345678,Mateo Jones,MST
W1Z7E0Z,456789,QWE901234,Camila Moore,EST
L1S9X4O,567890,ASD567890,Samuel Anderson,MST
Y2X6N8S,678901,RTY123456,Layla Walker,PST
W4H1S0R,789012,UIO789012,Ethan Harris,PST
U6B7V9E,890123,JKL345678,Lily Martinez,CST
V5X4Q6W,901234,MNB901234,Alexander Davis,EST
L6Z2N8R,12345,VBN567890,Zoey Smith,EST
J1K8T3L,123456,GHJ123456,Henry Wilson,EST
N8H7S2J,234567,ASD789012,Addison Taylor,PST
V7H3Y1O,345678,ZXC345678,Leo Thomas,PST
U8Z7A1E,456789,FGH901234,Chloe White,PST
R6T3X2Y,567890,POI567890,Sebastian Johnson,PST
M2J9W5L,678901,QWE123456,Grace Thompson,CST
N4Y2O8B,789012,RTY789012,Dylan Harris,PST
P1T8K3L,890123,NBV345678,Victoria Moore,MST
U9C2V4O,901234,JKL901234,Caleb Smith,CST
H7G6J4N,12345,MNB567890,Riley Anderson,EST
V2F1R8Y,123456,LKJ123456,Scarlett Wilson,CST
L3W6U2V,234567,XYZ789012,Nathan Walker,PST
T9G4E2Y,345678,ASD345678,Zoey Martinez,CST
N3H2A1E,456789,UIO901234,Isaac Taylor,EST
W0M1S9R,567890,GHJ567890,Ella Lewis,CST
B9V8A6R,678901,POI123456,Lucas Johnson,MST
M5J2W6N,789012,QWE789012,Lily Davis,PST
Y6M9O8X,890123,RTY345678,Jack Harris,EST
J1T8T3R,901234,FGH901234,Aurora Thomas,EST
Q2U6S7E,12345,ZXC567890,Wyatt Moore,PST
K3G2H1S,123456,LKJ123456,Penelope Smith,EST
C8E6F4I,234567,NBV789012,Gabriel Wilson,PST
A2T5Z7L,345678,JKL345678,Savannah Walker,EST
I8M7K4T,456789,MNB901234,Owen Thompson,CST
N6X3F0F,567890,UIO567890,Aria White,PST
V2E6E0L,678901,ASD123456,Daniel Harris,CST
Z5F4G6L,789012,XYZ789012,Madison Taylor,MST
L9S2W6X,890123,POI345678,Julian Davis,HST
A6N2G7Z,901234,RTY901234,Grace Smith,EST
